/*
Navicat MySQL Data Transfer

Source Server         : localhost_3306
Source Server Version : 50730
Source Host           : localhost:3306
Source Database       : icbc

Target Server Type    : MYSQL
Target Server Version : 50730
File Encoding         : 65001

Date: 2020-08-06 22:03:52
*/

SET FOREIGN_KEY_CHECKS=0;

-- ----------------------------
-- Table structure for alembic_version
-- ----------------------------
DROP TABLE IF EXISTS `alembic_version`;
CREATE TABLE `alembic_version` (
  `version_num` varchar(32) NOT NULL,
  PRIMARY KEY (`version_num`)
) ENGINE=InnoDB DEFAULT CHARSET=utf8;

-- ----------------------------
-- Records of alembic_version
-- ----------------------------
INSERT INTO `alembic_version` VALUES ('10bd1e4950f3');

-- ----------------------------
-- Table structure for banner
-- ----------------------------
DROP TABLE IF EXISTS `banner`;
CREATE TABLE `banner` (
  `id` int(11) NOT NULL AUTO_INCREMENT,
  `name` varchar(255) NOT NULL,
  `image_url` varchar(255) NOT NULL,
  `link_url` varchar(255) NOT NULL,
  `priority` int(11) DEFAULT NULL,
  `create_time` datetime DEFAULT NULL,
  PRIMARY KEY (`id`)
) ENGINE=InnoDB AUTO_INCREMENT=9 DEFAULT CHARSET=utf8;

-- ----------------------------
-- Records of banner
-- ----------------------------
INSERT INTO `banner` VALUES ('6', '小米4', 'qe16qrsw0.bkt.clouddn.com/o_1ee4fgtgg12b8s2t89816ckic57.jpg', 'https://www.cnblogs.com/YiwenGG/p/13437871.html', '6', '2020-07-26 10:34:16');
INSERT INTO `banner` VALUES ('8', '小猫', 'qe667nnln.bkt.clouddn.com/o_1eeusgr9gm041afs1hiv11boug07.jpg', 'http://qe667nnln.bkt.clouddn.com/o_1eeusgr9gm041afs1hiv11boug07.jpg', '4', '2020-08-05 16:35:46');

-- ----------------------------
-- Table structure for board
-- ----------------------------
DROP TABLE IF EXISTS `board`;
CREATE TABLE `board` (
  `id` int(11) NOT NULL AUTO_INCREMENT,
  `name` varchar(255) NOT NULL,
  `create_time` datetime DEFAULT NULL,
  PRIMARY KEY (`id`)
) ENGINE=InnoDB AUTO_INCREMENT=4 DEFAULT CHARSET=utf8;

-- ----------------------------
-- Records of board
-- ----------------------------
INSERT INTO `board` VALUES ('1', 'django', '2020-08-06 10:51:50');
INSERT INTO `board` VALUES ('2', 'flask', '2020-08-06 10:52:20');
INSERT INTO `board` VALUES ('3', 'python', '2020-08-06 10:55:53');

-- ----------------------------
-- Table structure for comment
-- ----------------------------
DROP TABLE IF EXISTS `comment`;
CREATE TABLE `comment` (
  `id` int(11) NOT NULL AUTO_INCREMENT,
  `content` text,
  `post_id` int(11) DEFAULT NULL,
  PRIMARY KEY (`id`),
  KEY `post_id` (`post_id`),
  CONSTRAINT `comment_ibfk_1` FOREIGN KEY (`post_id`) REFERENCES `post` (`id`)
) ENGINE=InnoDB AUTO_INCREMENT=10 DEFAULT CHARSET=utf8;

-- ----------------------------
-- Records of comment
-- ----------------------------
INSERT INTO `comment` VALUES ('1', 'niufhaf', '100');
INSERT INTO `comment` VALUES ('2', 'fjaskfnjklas', '100');
INSERT INTO `comment` VALUES ('3', 'fffffff', '100');
INSERT INTO `comment` VALUES ('4', 'ffffffffff', '5');
INSERT INTO `comment` VALUES ('5', '555555', '5');
INSERT INTO `comment` VALUES ('6', '6666666', '333');
INSERT INTO `comment` VALUES ('7', '66666', '444');
INSERT INTO `comment` VALUES ('8', '666666', '222');
INSERT INTO `comment` VALUES ('9', '66666', '345');

-- ----------------------------
-- Table structure for front_user
-- ----------------------------
DROP TABLE IF EXISTS `front_user`;
CREATE TABLE `front_user` (
  `id` varchar(100) NOT NULL,
  `username` varchar(100) NOT NULL,
  `_password` varchar(100) NOT NULL,
  `deposit` float DEFAULT NULL,
  `avatar` varchar(100) DEFAULT NULL,
  PRIMARY KEY (`id`)
) ENGINE=InnoDB DEFAULT CHARSET=utf8;

-- ----------------------------
-- Records of front_user
-- ----------------------------
INSERT INTO `front_user` VALUES ('dSE3vm2GjfniUVfJP6NB89', 'xiaoming', 'pbkdf2:sha256:150000$x0zJrOwB$27fb51d856e779cb56b6a5f48d7df79199fc2d0e52245abf5603f2553ba709a5', '1111', 'http://qe667nnln.bkt.clouddn.com/o_1eeemegj718al17vda221va912mq7.jpg');
INSERT INTO `front_user` VALUES ('iEig4o6KQU9UXBP7XY2opq', 'xiao', 'pbkdf2:sha256:150000$Ai1FQqwV$21b707d6cae4e5a450ad4486a73b4f3e242b7586573fce051e2018c3383c9deb', '1100', 'http://qe667nnln.bkt.clouddn.com/o_1eefbh0q6nc12vh14rf1cu2h2c7.jpg');
INSERT INTO `front_user` VALUES ('NYcqzapJ4u6PginRLbDWyR', 'jww', 'pbkdf2:sha256:150000$ZPFMAIjj$6df0ba9f786f0877bb62777cf8ac6436a171b3a90cc34505e766c5ee8952076d', '157942', 'http://qe667nnln.bkt.clouddn.com/o_1eeemegj718al17vda221va912mq7.jpg');
INSERT INTO `front_user` VALUES ('TA9fBR4Y5ULwRw9zHfsdHd', 'yiyi', 'pbkdf2:sha256:150000$h19lfj8l$4a56ed8c039c02f758ad7c5ef9ff12885f9eb0061d4bba752345eaab3ac44f05', '1100', 'http://qe667nnln.bkt.clouddn.com/o_1een49net65evh129khmnenh7.jpg');

-- ----------------------------
-- Table structure for post
-- ----------------------------
DROP TABLE IF EXISTS `post`;
CREATE TABLE `post` (
  `id` int(11) NOT NULL AUTO_INCREMENT,
  `title` varchar(50) NOT NULL,
  `content` text NOT NULL,
  `create_time` datetime DEFAULT NULL,
  `border_id` int(11) DEFAULT NULL,
  `user_id` varchar(100) DEFAULT NULL,
  PRIMARY KEY (`id`),
  KEY `border_id` (`border_id`),
  KEY `user_id` (`user_id`),
  CONSTRAINT `post_ibfk_1` FOREIGN KEY (`border_id`) REFERENCES `board` (`id`),
  CONSTRAINT `post_ibfk_2` FOREIGN KEY (`user_id`) REFERENCES `front_user` (`id`)
) ENGINE=InnoDB AUTO_INCREMENT=601 DEFAULT CHARSET=utf8;

-- ----------------------------
-- Records of post
-- ----------------------------
INSERT INTO `post` VALUES ('1', '板块1标题1', '板块1内容1', '2020-08-06 10:53:04', '1', null);
INSERT INTO `post` VALUES ('2', '板块1标题2', '板块1内容2', '2020-08-06 10:53:04', '1', null);
INSERT INTO `post` VALUES ('3', '板块1标题3', '板块1内容3', '2020-08-06 10:53:04', '1', null);
INSERT INTO `post` VALUES ('4', '板块1标题4', '板块1内容4', '2020-08-06 10:53:04', '1', null);
INSERT INTO `post` VALUES ('5', '板块1标题5', '板块1内容5', '2020-08-06 10:53:04', '1', null);
INSERT INTO `post` VALUES ('6', '板块1标题6', '板块1内容6', '2020-08-06 10:53:04', '1', null);
INSERT INTO `post` VALUES ('7', '板块1标题7', '板块1内容7', '2020-08-06 10:53:04', '1', null);
INSERT INTO `post` VALUES ('8', '板块1标题8', '板块1内容8', '2020-08-06 10:53:04', '1', null);
INSERT INTO `post` VALUES ('9', '板块1标题9', '板块1内容9', '2020-08-06 10:53:04', '1', null);
INSERT INTO `post` VALUES ('10', '板块1标题10', '板块1内容10', '2020-08-06 10:53:04', '1', null);
INSERT INTO `post` VALUES ('11', '板块1标题11', '板块1内容11', '2020-08-06 10:53:04', '1', null);
INSERT INTO `post` VALUES ('12', '板块1标题12', '板块1内容12', '2020-08-06 10:53:04', '1', null);
INSERT INTO `post` VALUES ('13', '板块1标题13', '板块1内容13', '2020-08-06 10:53:04', '1', null);
INSERT INTO `post` VALUES ('14', '板块1标题14', '板块1内容14', '2020-08-06 10:53:04', '1', null);
INSERT INTO `post` VALUES ('15', '板块1标题15', '板块1内容15', '2020-08-06 10:53:04', '1', null);
INSERT INTO `post` VALUES ('16', '板块1标题16', '板块1内容16', '2020-08-06 10:53:04', '1', null);
INSERT INTO `post` VALUES ('17', '板块1标题17', '板块1内容17', '2020-08-06 10:53:04', '1', null);
INSERT INTO `post` VALUES ('18', '板块1标题18', '板块1内容18', '2020-08-06 10:53:04', '1', null);
INSERT INTO `post` VALUES ('19', '板块1标题19', '板块1内容19', '2020-08-06 10:53:04', '1', null);
INSERT INTO `post` VALUES ('20', '板块1标题20', '板块1内容20', '2020-08-06 10:53:04', '1', null);
INSERT INTO `post` VALUES ('21', '板块1标题21', '板块1内容21', '2020-08-06 10:53:04', '1', null);
INSERT INTO `post` VALUES ('22', '板块1标题22', '板块1内容22', '2020-08-06 10:53:04', '1', null);
INSERT INTO `post` VALUES ('23', '板块1标题23', '板块1内容23', '2020-08-06 10:53:04', '1', null);
INSERT INTO `post` VALUES ('24', '板块1标题24', '板块1内容24', '2020-08-06 10:53:04', '1', null);
INSERT INTO `post` VALUES ('25', '板块1标题25', '板块1内容25', '2020-08-06 10:53:04', '1', null);
INSERT INTO `post` VALUES ('26', '板块1标题26', '板块1内容26', '2020-08-06 10:53:04', '1', null);
INSERT INTO `post` VALUES ('27', '板块1标题27', '板块1内容27', '2020-08-06 10:53:04', '1', null);
INSERT INTO `post` VALUES ('28', '板块1标题28', '板块1内容28', '2020-08-06 10:53:04', '1', null);
INSERT INTO `post` VALUES ('29', '板块1标题29', '板块1内容29', '2020-08-06 10:53:04', '1', null);
INSERT INTO `post` VALUES ('30', '板块1标题30', '板块1内容30', '2020-08-06 10:53:04', '1', null);
INSERT INTO `post` VALUES ('31', '板块1标题31', '板块1内容31', '2020-08-06 10:53:04', '1', null);
INSERT INTO `post` VALUES ('32', '板块1标题32', '板块1内容32', '2020-08-06 10:53:04', '1', null);
INSERT INTO `post` VALUES ('33', '板块1标题33', '板块1内容33', '2020-08-06 10:53:04', '1', null);
INSERT INTO `post` VALUES ('34', '板块1标题34', '板块1内容34', '2020-08-06 10:53:04', '1', null);
INSERT INTO `post` VALUES ('35', '板块1标题35', '板块1内容35', '2020-08-06 10:53:04', '1', null);
INSERT INTO `post` VALUES ('36', '板块1标题36', '板块1内容36', '2020-08-06 10:53:04', '1', null);
INSERT INTO `post` VALUES ('37', '板块1标题37', '板块1内容37', '2020-08-06 10:53:04', '1', null);
INSERT INTO `post` VALUES ('38', '板块1标题38', '板块1内容38', '2020-08-06 10:53:04', '1', null);
INSERT INTO `post` VALUES ('39', '板块1标题39', '板块1内容39', '2020-08-06 10:53:04', '1', null);
INSERT INTO `post` VALUES ('40', '板块1标题40', '板块1内容40', '2020-08-06 10:53:04', '1', null);
INSERT INTO `post` VALUES ('41', '板块1标题41', '板块1内容41', '2020-08-06 10:53:04', '1', null);
INSERT INTO `post` VALUES ('42', '板块1标题42', '板块1内容42', '2020-08-06 10:53:04', '1', null);
INSERT INTO `post` VALUES ('43', '板块1标题43', '板块1内容43', '2020-08-06 10:53:04', '1', null);
INSERT INTO `post` VALUES ('44', '板块1标题44', '板块1内容44', '2020-08-06 10:53:04', '1', null);
INSERT INTO `post` VALUES ('45', '板块1标题45', '板块1内容45', '2020-08-06 10:53:04', '1', null);
INSERT INTO `post` VALUES ('46', '板块1标题46', '板块1内容46', '2020-08-06 10:53:04', '1', null);
INSERT INTO `post` VALUES ('47', '板块1标题47', '板块1内容47', '2020-08-06 10:53:04', '1', null);
INSERT INTO `post` VALUES ('48', '板块1标题48', '板块1内容48', '2020-08-06 10:53:04', '1', null);
INSERT INTO `post` VALUES ('49', '板块1标题49', '板块1内容49', '2020-08-06 10:53:04', '1', null);
INSERT INTO `post` VALUES ('50', '板块1标题50', '板块1内容50', '2020-08-06 10:53:04', '1', null);
INSERT INTO `post` VALUES ('51', '板块1标题51', '板块1内容51', '2020-08-06 10:53:04', '1', null);
INSERT INTO `post` VALUES ('52', '板块1标题52', '板块1内容52', '2020-08-06 10:53:04', '1', null);
INSERT INTO `post` VALUES ('53', '板块1标题53', '板块1内容53', '2020-08-06 10:53:04', '1', null);
INSERT INTO `post` VALUES ('54', '板块1标题54', '板块1内容54', '2020-08-06 10:53:04', '1', null);
INSERT INTO `post` VALUES ('55', '板块1标题55', '板块1内容55', '2020-08-06 10:53:04', '1', null);
INSERT INTO `post` VALUES ('56', '板块1标题56', '板块1内容56', '2020-08-06 10:53:04', '1', null);
INSERT INTO `post` VALUES ('57', '板块1标题57', '板块1内容57', '2020-08-06 10:53:04', '1', null);
INSERT INTO `post` VALUES ('58', '板块1标题58', '板块1内容58', '2020-08-06 10:53:04', '1', null);
INSERT INTO `post` VALUES ('59', '板块1标题59', '板块1内容59', '2020-08-06 10:53:04', '1', null);
INSERT INTO `post` VALUES ('60', '板块1标题60', '板块1内容60', '2020-08-06 10:53:04', '1', null);
INSERT INTO `post` VALUES ('61', '板块1标题61', '板块1内容61', '2020-08-06 10:53:04', '1', null);
INSERT INTO `post` VALUES ('62', '板块1标题62', '板块1内容62', '2020-08-06 10:53:04', '1', null);
INSERT INTO `post` VALUES ('63', '板块1标题63', '板块1内容63', '2020-08-06 10:53:04', '1', null);
INSERT INTO `post` VALUES ('64', '板块1标题64', '板块1内容64', '2020-08-06 10:53:04', '1', null);
INSERT INTO `post` VALUES ('65', '板块1标题65', '板块1内容65', '2020-08-06 10:53:04', '1', null);
INSERT INTO `post` VALUES ('66', '板块1标题66', '板块1内容66', '2020-08-06 10:53:04', '1', null);
INSERT INTO `post` VALUES ('67', '板块1标题67', '板块1内容67', '2020-08-06 10:53:04', '1', null);
INSERT INTO `post` VALUES ('68', '板块1标题68', '板块1内容68', '2020-08-06 10:53:04', '1', null);
INSERT INTO `post` VALUES ('69', '板块1标题69', '板块1内容69', '2020-08-06 10:53:04', '1', null);
INSERT INTO `post` VALUES ('70', '板块1标题70', '板块1内容70', '2020-08-06 10:53:04', '1', null);
INSERT INTO `post` VALUES ('71', '板块1标题71', '板块1内容71', '2020-08-06 10:53:04', '1', null);
INSERT INTO `post` VALUES ('72', '板块1标题72', '板块1内容72', '2020-08-06 10:53:04', '1', null);
INSERT INTO `post` VALUES ('73', '板块1标题73', '板块1内容73', '2020-08-06 10:53:04', '1', null);
INSERT INTO `post` VALUES ('74', '板块1标题74', '板块1内容74', '2020-08-06 10:53:04', '1', null);
INSERT INTO `post` VALUES ('75', '板块1标题75', '板块1内容75', '2020-08-06 10:53:04', '1', null);
INSERT INTO `post` VALUES ('76', '板块1标题76', '板块1内容76', '2020-08-06 10:53:04', '1', null);
INSERT INTO `post` VALUES ('77', '板块1标题77', '板块1内容77', '2020-08-06 10:53:04', '1', null);
INSERT INTO `post` VALUES ('78', '板块1标题78', '板块1内容78', '2020-08-06 10:53:04', '1', null);
INSERT INTO `post` VALUES ('79', '板块1标题79', '板块1内容79', '2020-08-06 10:53:04', '1', null);
INSERT INTO `post` VALUES ('80', '板块1标题80', '板块1内容80', '2020-08-06 10:53:04', '1', null);
INSERT INTO `post` VALUES ('81', '板块1标题81', '板块1内容81', '2020-08-06 10:53:04', '1', null);
INSERT INTO `post` VALUES ('82', '板块1标题82', '板块1内容82', '2020-08-06 10:53:04', '1', null);
INSERT INTO `post` VALUES ('83', '板块1标题83', '板块1内容83', '2020-08-06 10:53:04', '1', null);
INSERT INTO `post` VALUES ('84', '板块1标题84', '板块1内容84', '2020-08-06 10:53:04', '1', null);
INSERT INTO `post` VALUES ('85', '板块1标题85', '板块1内容85', '2020-08-06 10:53:04', '1', null);
INSERT INTO `post` VALUES ('86', '板块1标题86', '板块1内容86', '2020-08-06 10:53:04', '1', null);
INSERT INTO `post` VALUES ('87', '板块1标题87', '板块1内容87', '2020-08-06 10:53:04', '1', null);
INSERT INTO `post` VALUES ('88', '板块1标题88', '板块1内容88', '2020-08-06 10:53:04', '1', null);
INSERT INTO `post` VALUES ('89', '板块1标题89', '板块1内容89', '2020-08-06 10:53:04', '1', null);
INSERT INTO `post` VALUES ('90', '板块1标题90', '板块1内容90', '2020-08-06 10:53:04', '1', null);
INSERT INTO `post` VALUES ('91', '板块1标题91', '板块1内容91', '2020-08-06 10:53:04', '1', null);
INSERT INTO `post` VALUES ('92', '板块1标题92', '板块1内容92', '2020-08-06 10:53:04', '1', null);
INSERT INTO `post` VALUES ('93', '板块1标题93', '板块1内容93', '2020-08-06 10:53:04', '1', null);
INSERT INTO `post` VALUES ('94', '板块1标题94', '板块1内容94', '2020-08-06 10:53:04', '1', null);
INSERT INTO `post` VALUES ('95', '板块1标题95', '板块1内容95', '2020-08-06 10:53:04', '1', null);
INSERT INTO `post` VALUES ('96', '板块1标题96', '板块1内容96', '2020-08-06 10:53:04', '1', null);
INSERT INTO `post` VALUES ('97', '板块1标题97', '板块1内容97', '2020-08-06 10:53:04', '1', null);
INSERT INTO `post` VALUES ('98', '板块1标题98', '板块1内容98', '2020-08-06 10:53:04', '1', null);
INSERT INTO `post` VALUES ('99', '板块1标题99', '板块1内容99', '2020-08-06 10:53:04', '1', null);
INSERT INTO `post` VALUES ('100', '板块1标题100', '板块1内容100', '2020-08-06 10:53:04', '1', null);
INSERT INTO `post` VALUES ('101', '板块1标题101', '板块1内容101', '2020-08-06 10:53:04', '1', null);
INSERT INTO `post` VALUES ('102', '板块1标题102', '板块1内容102', '2020-08-06 10:53:04', '1', null);
INSERT INTO `post` VALUES ('103', '板块1标题103', '板块1内容103', '2020-08-06 10:53:04', '1', null);
INSERT INTO `post` VALUES ('104', '板块1标题104', '板块1内容104', '2020-08-06 10:53:04', '1', null);
INSERT INTO `post` VALUES ('105', '板块1标题105', '板块1内容105', '2020-08-06 10:53:04', '1', null);
INSERT INTO `post` VALUES ('106', '板块1标题106', '板块1内容106', '2020-08-06 10:53:04', '1', null);
INSERT INTO `post` VALUES ('107', '板块1标题107', '板块1内容107', '2020-08-06 10:53:04', '1', null);
INSERT INTO `post` VALUES ('108', '板块1标题108', '板块1内容108', '2020-08-06 10:53:04', '1', null);
INSERT INTO `post` VALUES ('109', '板块1标题109', '板块1内容109', '2020-08-06 10:53:04', '1', null);
INSERT INTO `post` VALUES ('110', '板块1标题110', '板块1内容110', '2020-08-06 10:53:04', '1', null);
INSERT INTO `post` VALUES ('111', '板块1标题111', '板块1内容111', '2020-08-06 10:53:04', '1', null);
INSERT INTO `post` VALUES ('112', '板块1标题112', '板块1内容112', '2020-08-06 10:53:04', '1', null);
INSERT INTO `post` VALUES ('113', '板块1标题113', '板块1内容113', '2020-08-06 10:53:04', '1', null);
INSERT INTO `post` VALUES ('114', '板块1标题114', '板块1内容114', '2020-08-06 10:53:04', '1', null);
INSERT INTO `post` VALUES ('115', '板块1标题115', '板块1内容115', '2020-08-06 10:53:04', '1', null);
INSERT INTO `post` VALUES ('116', '板块1标题116', '板块1内容116', '2020-08-06 10:53:04', '1', null);
INSERT INTO `post` VALUES ('117', '板块1标题117', '板块1内容117', '2020-08-06 10:53:04', '1', null);
INSERT INTO `post` VALUES ('118', '板块1标题118', '板块1内容118', '2020-08-06 10:53:04', '1', null);
INSERT INTO `post` VALUES ('119', '板块1标题119', '板块1内容119', '2020-08-06 10:53:04', '1', null);
INSERT INTO `post` VALUES ('120', '板块1标题120', '板块1内容120', '2020-08-06 10:53:04', '1', null);
INSERT INTO `post` VALUES ('121', '板块1标题121', '板块1内容121', '2020-08-06 10:53:04', '1', null);
INSERT INTO `post` VALUES ('122', '板块1标题122', '板块1内容122', '2020-08-06 10:53:04', '1', null);
INSERT INTO `post` VALUES ('123', '板块1标题123', '板块1内容123', '2020-08-06 10:53:04', '1', null);
INSERT INTO `post` VALUES ('124', '板块1标题124', '板块1内容124', '2020-08-06 10:53:04', '1', null);
INSERT INTO `post` VALUES ('125', '板块1标题125', '板块1内容125', '2020-08-06 10:53:04', '1', null);
INSERT INTO `post` VALUES ('126', '板块1标题126', '板块1内容126', '2020-08-06 10:53:04', '1', null);
INSERT INTO `post` VALUES ('127', '板块1标题127', '板块1内容127', '2020-08-06 10:53:04', '1', null);
INSERT INTO `post` VALUES ('128', '板块1标题128', '板块1内容128', '2020-08-06 10:53:04', '1', null);
INSERT INTO `post` VALUES ('129', '板块1标题129', '板块1内容129', '2020-08-06 10:53:04', '1', null);
INSERT INTO `post` VALUES ('130', '板块1标题130', '板块1内容130', '2020-08-06 10:53:04', '1', null);
INSERT INTO `post` VALUES ('131', '板块1标题131', '板块1内容131', '2020-08-06 10:53:04', '1', null);
INSERT INTO `post` VALUES ('132', '板块1标题132', '板块1内容132', '2020-08-06 10:53:04', '1', null);
INSERT INTO `post` VALUES ('133', '板块1标题133', '板块1内容133', '2020-08-06 10:53:04', '1', null);
INSERT INTO `post` VALUES ('134', '板块1标题134', '板块1内容134', '2020-08-06 10:53:04', '1', null);
INSERT INTO `post` VALUES ('135', '板块1标题135', '板块1内容135', '2020-08-06 10:53:04', '1', null);
INSERT INTO `post` VALUES ('136', '板块1标题136', '板块1内容136', '2020-08-06 10:53:04', '1', null);
INSERT INTO `post` VALUES ('137', '板块1标题137', '板块1内容137', '2020-08-06 10:53:04', '1', null);
INSERT INTO `post` VALUES ('138', '板块1标题138', '板块1内容138', '2020-08-06 10:53:04', '1', null);
INSERT INTO `post` VALUES ('139', '板块1标题139', '板块1内容139', '2020-08-06 10:53:04', '1', null);
INSERT INTO `post` VALUES ('140', '板块1标题140', '板块1内容140', '2020-08-06 10:53:04', '1', null);
INSERT INTO `post` VALUES ('141', '板块1标题141', '板块1内容141', '2020-08-06 10:53:04', '1', null);
INSERT INTO `post` VALUES ('142', '板块1标题142', '板块1内容142', '2020-08-06 10:53:04', '1', null);
INSERT INTO `post` VALUES ('143', '板块1标题143', '板块1内容143', '2020-08-06 10:53:05', '1', null);
INSERT INTO `post` VALUES ('144', '板块1标题144', '板块1内容144', '2020-08-06 10:53:05', '1', null);
INSERT INTO `post` VALUES ('145', '板块1标题145', '板块1内容145', '2020-08-06 10:53:05', '1', null);
INSERT INTO `post` VALUES ('146', '板块1标题146', '板块1内容146', '2020-08-06 10:53:05', '1', null);
INSERT INTO `post` VALUES ('147', '板块1标题147', '板块1内容147', '2020-08-06 10:53:05', '1', null);
INSERT INTO `post` VALUES ('148', '板块1标题148', '板块1内容148', '2020-08-06 10:53:05', '1', null);
INSERT INTO `post` VALUES ('149', '板块1标题149', '板块1内容149', '2020-08-06 10:53:05', '1', null);
INSERT INTO `post` VALUES ('150', '板块1标题150', '板块1内容150', '2020-08-06 10:53:05', '1', null);
INSERT INTO `post` VALUES ('151', '板块1标题151', '板块1内容151', '2020-08-06 10:53:05', '1', null);
INSERT INTO `post` VALUES ('152', '板块1标题152', '板块1内容152', '2020-08-06 10:53:05', '1', null);
INSERT INTO `post` VALUES ('153', '板块1标题153', '板块1内容153', '2020-08-06 10:53:05', '1', null);
INSERT INTO `post` VALUES ('154', '板块1标题154', '板块1内容154', '2020-08-06 10:53:05', '1', null);
INSERT INTO `post` VALUES ('155', '板块1标题155', '板块1内容155', '2020-08-06 10:53:05', '1', null);
INSERT INTO `post` VALUES ('156', '板块1标题156', '板块1内容156', '2020-08-06 10:53:05', '1', null);
INSERT INTO `post` VALUES ('157', '板块1标题157', '板块1内容157', '2020-08-06 10:53:05', '1', null);
INSERT INTO `post` VALUES ('158', '板块1标题158', '板块1内容158', '2020-08-06 10:53:05', '1', null);
INSERT INTO `post` VALUES ('159', '板块1标题159', '板块1内容159', '2020-08-06 10:53:05', '1', null);
INSERT INTO `post` VALUES ('160', '板块1标题160', '板块1内容160', '2020-08-06 10:53:05', '1', null);
INSERT INTO `post` VALUES ('161', '板块1标题161', '板块1内容161', '2020-08-06 10:53:05', '1', null);
INSERT INTO `post` VALUES ('162', '板块1标题162', '板块1内容162', '2020-08-06 10:53:05', '1', null);
INSERT INTO `post` VALUES ('163', '板块1标题163', '板块1内容163', '2020-08-06 10:53:05', '1', null);
INSERT INTO `post` VALUES ('164', '板块1标题164', '板块1内容164', '2020-08-06 10:53:05', '1', null);
INSERT INTO `post` VALUES ('165', '板块1标题165', '板块1内容165', '2020-08-06 10:53:05', '1', null);
INSERT INTO `post` VALUES ('166', '板块1标题166', '板块1内容166', '2020-08-06 10:53:05', '1', null);
INSERT INTO `post` VALUES ('167', '板块1标题167', '板块1内容167', '2020-08-06 10:53:05', '1', null);
INSERT INTO `post` VALUES ('168', '板块1标题168', '板块1内容168', '2020-08-06 10:53:05', '1', null);
INSERT INTO `post` VALUES ('169', '板块1标题169', '板块1内容169', '2020-08-06 10:53:05', '1', null);
INSERT INTO `post` VALUES ('170', '板块1标题170', '板块1内容170', '2020-08-06 10:53:05', '1', null);
INSERT INTO `post` VALUES ('171', '板块1标题171', '板块1内容171', '2020-08-06 10:53:05', '1', null);
INSERT INTO `post` VALUES ('172', '板块1标题172', '板块1内容172', '2020-08-06 10:53:05', '1', null);
INSERT INTO `post` VALUES ('173', '板块1标题173', '板块1内容173', '2020-08-06 10:53:05', '1', null);
INSERT INTO `post` VALUES ('174', '板块1标题174', '板块1内容174', '2020-08-06 10:53:05', '1', null);
INSERT INTO `post` VALUES ('175', '板块1标题175', '板块1内容175', '2020-08-06 10:53:05', '1', null);
INSERT INTO `post` VALUES ('176', '板块1标题176', '板块1内容176', '2020-08-06 10:53:05', '1', null);
INSERT INTO `post` VALUES ('177', '板块1标题177', '板块1内容177', '2020-08-06 10:53:05', '1', null);
INSERT INTO `post` VALUES ('178', '板块1标题178', '板块1内容178', '2020-08-06 10:53:05', '1', null);
INSERT INTO `post` VALUES ('179', '板块1标题179', '板块1内容179', '2020-08-06 10:53:05', '1', null);
INSERT INTO `post` VALUES ('180', '板块1标题180', '板块1内容180', '2020-08-06 10:53:05', '1', null);
INSERT INTO `post` VALUES ('181', '板块1标题181', '板块1内容181', '2020-08-06 10:53:05', '1', null);
INSERT INTO `post` VALUES ('182', '板块1标题182', '板块1内容182', '2020-08-06 10:53:05', '1', null);
INSERT INTO `post` VALUES ('183', '板块1标题183', '板块1内容183', '2020-08-06 10:53:05', '1', null);
INSERT INTO `post` VALUES ('184', '板块1标题184', '板块1内容184', '2020-08-06 10:53:05', '1', null);
INSERT INTO `post` VALUES ('185', '板块1标题185', '板块1内容185', '2020-08-06 10:53:05', '1', null);
INSERT INTO `post` VALUES ('186', '板块1标题186', '板块1内容186', '2020-08-06 10:53:05', '1', null);
INSERT INTO `post` VALUES ('187', '板块1标题187', '板块1内容187', '2020-08-06 10:53:05', '1', null);
INSERT INTO `post` VALUES ('188', '板块1标题188', '板块1内容188', '2020-08-06 10:53:05', '1', null);
INSERT INTO `post` VALUES ('189', '板块1标题189', '板块1内容189', '2020-08-06 10:53:05', '1', null);
INSERT INTO `post` VALUES ('190', '板块1标题190', '板块1内容190', '2020-08-06 10:53:05', '1', null);
INSERT INTO `post` VALUES ('191', '板块1标题191', '板块1内容191', '2020-08-06 10:53:05', '1', null);
INSERT INTO `post` VALUES ('192', '板块1标题192', '板块1内容192', '2020-08-06 10:53:05', '1', null);
INSERT INTO `post` VALUES ('193', '板块1标题193', '板块1内容193', '2020-08-06 10:53:05', '1', null);
INSERT INTO `post` VALUES ('194', '板块1标题194', '板块1内容194', '2020-08-06 10:53:05', '1', null);
INSERT INTO `post` VALUES ('195', '板块1标题195', '板块1内容195', '2020-08-06 10:53:05', '1', null);
INSERT INTO `post` VALUES ('196', '板块1标题196', '板块1内容196', '2020-08-06 10:53:05', '1', null);
INSERT INTO `post` VALUES ('197', '板块1标题197', '板块1内容197', '2020-08-06 10:53:05', '1', null);
INSERT INTO `post` VALUES ('198', '板块1标题198', '板块1内容198', '2020-08-06 10:53:05', '1', null);
INSERT INTO `post` VALUES ('199', '板块1标题199', '板块1内容199', '2020-08-06 10:53:05', '1', null);
INSERT INTO `post` VALUES ('200', '板块1标题200', '板块1内容200', '2020-08-06 10:53:05', '1', null);
INSERT INTO `post` VALUES ('201', '板块2标题1', '板块2内容1', '2020-08-06 10:53:19', '2', null);
INSERT INTO `post` VALUES ('202', '板块2标题2', '板块2内容2', '2020-08-06 10:53:19', '2', null);
INSERT INTO `post` VALUES ('203', '板块2标题3', '板块2内容3', '2020-08-06 10:53:19', '2', null);
INSERT INTO `post` VALUES ('204', '板块2标题4', '板块2内容4', '2020-08-06 10:53:19', '2', null);
INSERT INTO `post` VALUES ('205', '板块2标题5', '板块2内容5', '2020-08-06 10:53:19', '2', null);
INSERT INTO `post` VALUES ('206', '板块2标题6', '板块2内容6', '2020-08-06 10:53:19', '2', null);
INSERT INTO `post` VALUES ('207', '板块2标题7', '板块2内容7', '2020-08-06 10:53:19', '2', null);
INSERT INTO `post` VALUES ('208', '板块2标题8', '板块2内容8', '2020-08-06 10:53:19', '2', null);
INSERT INTO `post` VALUES ('209', '板块2标题9', '板块2内容9', '2020-08-06 10:53:19', '2', null);
INSERT INTO `post` VALUES ('210', '板块2标题10', '板块2内容10', '2020-08-06 10:53:19', '2', null);
INSERT INTO `post` VALUES ('211', '板块2标题11', '板块2内容11', '2020-08-06 10:53:19', '2', null);
INSERT INTO `post` VALUES ('212', '板块2标题12', '板块2内容12', '2020-08-06 10:53:19', '2', null);
INSERT INTO `post` VALUES ('213', '板块2标题13', '板块2内容13', '2020-08-06 10:53:19', '2', null);
INSERT INTO `post` VALUES ('214', '板块2标题14', '板块2内容14', '2020-08-06 10:53:19', '2', null);
INSERT INTO `post` VALUES ('215', '板块2标题15', '板块2内容15', '2020-08-06 10:53:19', '2', null);
INSERT INTO `post` VALUES ('216', '板块2标题16', '板块2内容16', '2020-08-06 10:53:19', '2', null);
INSERT INTO `post` VALUES ('217', '板块2标题17', '板块2内容17', '2020-08-06 10:53:19', '2', null);
INSERT INTO `post` VALUES ('218', '板块2标题18', '板块2内容18', '2020-08-06 10:53:19', '2', null);
INSERT INTO `post` VALUES ('219', '板块2标题19', '板块2内容19', '2020-08-06 10:53:19', '2', null);
INSERT INTO `post` VALUES ('220', '板块2标题20', '板块2内容20', '2020-08-06 10:53:19', '2', null);
INSERT INTO `post` VALUES ('221', '板块2标题21', '板块2内容21', '2020-08-06 10:53:19', '2', null);
INSERT INTO `post` VALUES ('222', '板块2标题22', '板块2内容22', '2020-08-06 10:53:19', '2', null);
INSERT INTO `post` VALUES ('223', '板块2标题23', '板块2内容23', '2020-08-06 10:53:19', '2', null);
INSERT INTO `post` VALUES ('224', '板块2标题24', '板块2内容24', '2020-08-06 10:53:19', '2', null);
INSERT INTO `post` VALUES ('225', '板块2标题25', '板块2内容25', '2020-08-06 10:53:19', '2', null);
INSERT INTO `post` VALUES ('226', '板块2标题26', '板块2内容26', '2020-08-06 10:53:19', '2', null);
INSERT INTO `post` VALUES ('227', '板块2标题27', '板块2内容27', '2020-08-06 10:53:19', '2', null);
INSERT INTO `post` VALUES ('228', '板块2标题28', '板块2内容28', '2020-08-06 10:53:19', '2', null);
INSERT INTO `post` VALUES ('229', '板块2标题29', '板块2内容29', '2020-08-06 10:53:19', '2', null);
INSERT INTO `post` VALUES ('230', '板块2标题30', '板块2内容30', '2020-08-06 10:53:19', '2', null);
INSERT INTO `post` VALUES ('231', '板块2标题31', '板块2内容31', '2020-08-06 10:53:19', '2', null);
INSERT INTO `post` VALUES ('232', '板块2标题32', '板块2内容32', '2020-08-06 10:53:19', '2', null);
INSERT INTO `post` VALUES ('233', '板块2标题33', '板块2内容33', '2020-08-06 10:53:19', '2', null);
INSERT INTO `post` VALUES ('234', '板块2标题34', '板块2内容34', '2020-08-06 10:53:19', '2', null);
INSERT INTO `post` VALUES ('235', '板块2标题35', '板块2内容35', '2020-08-06 10:53:19', '2', null);
INSERT INTO `post` VALUES ('236', '板块2标题36', '板块2内容36', '2020-08-06 10:53:19', '2', null);
INSERT INTO `post` VALUES ('237', '板块2标题37', '板块2内容37', '2020-08-06 10:53:19', '2', null);
INSERT INTO `post` VALUES ('238', '板块2标题38', '板块2内容38', '2020-08-06 10:53:19', '2', null);
INSERT INTO `post` VALUES ('239', '板块2标题39', '板块2内容39', '2020-08-06 10:53:19', '2', null);
INSERT INTO `post` VALUES ('240', '板块2标题40', '板块2内容40', '2020-08-06 10:53:19', '2', null);
INSERT INTO `post` VALUES ('241', '板块2标题41', '板块2内容41', '2020-08-06 10:53:19', '2', null);
INSERT INTO `post` VALUES ('242', '板块2标题42', '板块2内容42', '2020-08-06 10:53:19', '2', null);
INSERT INTO `post` VALUES ('243', '板块2标题43', '板块2内容43', '2020-08-06 10:53:19', '2', null);
INSERT INTO `post` VALUES ('244', '板块2标题44', '板块2内容44', '2020-08-06 10:53:19', '2', null);
INSERT INTO `post` VALUES ('245', '板块2标题45', '板块2内容45', '2020-08-06 10:53:19', '2', null);
INSERT INTO `post` VALUES ('246', '板块2标题46', '板块2内容46', '2020-08-06 10:53:19', '2', null);
INSERT INTO `post` VALUES ('247', '板块2标题47', '板块2内容47', '2020-08-06 10:53:19', '2', null);
INSERT INTO `post` VALUES ('248', '板块2标题48', '板块2内容48', '2020-08-06 10:53:19', '2', null);
INSERT INTO `post` VALUES ('249', '板块2标题49', '板块2内容49', '2020-08-06 10:53:19', '2', null);
INSERT INTO `post` VALUES ('250', '板块2标题50', '板块2内容50', '2020-08-06 10:53:19', '2', null);
INSERT INTO `post` VALUES ('251', '板块2标题51', '板块2内容51', '2020-08-06 10:53:19', '2', null);
INSERT INTO `post` VALUES ('252', '板块2标题52', '板块2内容52', '2020-08-06 10:53:19', '2', null);
INSERT INTO `post` VALUES ('253', '板块2标题53', '板块2内容53', '2020-08-06 10:53:19', '2', null);
INSERT INTO `post` VALUES ('254', '板块2标题54', '板块2内容54', '2020-08-06 10:53:19', '2', null);
INSERT INTO `post` VALUES ('255', '板块2标题55', '板块2内容55', '2020-08-06 10:53:19', '2', null);
INSERT INTO `post` VALUES ('256', '板块2标题56', '板块2内容56', '2020-08-06 10:53:19', '2', null);
INSERT INTO `post` VALUES ('257', '板块2标题57', '板块2内容57', '2020-08-06 10:53:19', '2', null);
INSERT INTO `post` VALUES ('258', '板块2标题58', '板块2内容58', '2020-08-06 10:53:19', '2', null);
INSERT INTO `post` VALUES ('259', '板块2标题59', '板块2内容59', '2020-08-06 10:53:19', '2', null);
INSERT INTO `post` VALUES ('260', '板块2标题60', '板块2内容60', '2020-08-06 10:53:19', '2', null);
INSERT INTO `post` VALUES ('261', '板块2标题61', '板块2内容61', '2020-08-06 10:53:19', '2', null);
INSERT INTO `post` VALUES ('262', '板块2标题62', '板块2内容62', '2020-08-06 10:53:19', '2', null);
INSERT INTO `post` VALUES ('263', '板块2标题63', '板块2内容63', '2020-08-06 10:53:19', '2', null);
INSERT INTO `post` VALUES ('264', '板块2标题64', '板块2内容64', '2020-08-06 10:53:19', '2', null);
INSERT INTO `post` VALUES ('265', '板块2标题65', '板块2内容65', '2020-08-06 10:53:19', '2', null);
INSERT INTO `post` VALUES ('266', '板块2标题66', '板块2内容66', '2020-08-06 10:53:19', '2', null);
INSERT INTO `post` VALUES ('267', '板块2标题67', '板块2内容67', '2020-08-06 10:53:19', '2', null);
INSERT INTO `post` VALUES ('268', '板块2标题68', '板块2内容68', '2020-08-06 10:53:19', '2', null);
INSERT INTO `post` VALUES ('269', '板块2标题69', '板块2内容69', '2020-08-06 10:53:19', '2', null);
INSERT INTO `post` VALUES ('270', '板块2标题70', '板块2内容70', '2020-08-06 10:53:19', '2', null);
INSERT INTO `post` VALUES ('271', '板块2标题71', '板块2内容71', '2020-08-06 10:53:19', '2', null);
INSERT INTO `post` VALUES ('272', '板块2标题72', '板块2内容72', '2020-08-06 10:53:19', '2', null);
INSERT INTO `post` VALUES ('273', '板块2标题73', '板块2内容73', '2020-08-06 10:53:19', '2', null);
INSERT INTO `post` VALUES ('274', '板块2标题74', '板块2内容74', '2020-08-06 10:53:19', '2', null);
INSERT INTO `post` VALUES ('275', '板块2标题75', '板块2内容75', '2020-08-06 10:53:19', '2', null);
INSERT INTO `post` VALUES ('276', '板块2标题76', '板块2内容76', '2020-08-06 10:53:19', '2', null);
INSERT INTO `post` VALUES ('277', '板块2标题77', '板块2内容77', '2020-08-06 10:53:19', '2', null);
INSERT INTO `post` VALUES ('278', '板块2标题78', '板块2内容78', '2020-08-06 10:53:19', '2', null);
INSERT INTO `post` VALUES ('279', '板块2标题79', '板块2内容79', '2020-08-06 10:53:19', '2', null);
INSERT INTO `post` VALUES ('280', '板块2标题80', '板块2内容80', '2020-08-06 10:53:19', '2', null);
INSERT INTO `post` VALUES ('281', '板块2标题81', '板块2内容81', '2020-08-06 10:53:19', '2', null);
INSERT INTO `post` VALUES ('282', '板块2标题82', '板块2内容82', '2020-08-06 10:53:19', '2', null);
INSERT INTO `post` VALUES ('283', '板块2标题83', '板块2内容83', '2020-08-06 10:53:19', '2', null);
INSERT INTO `post` VALUES ('284', '板块2标题84', '板块2内容84', '2020-08-06 10:53:19', '2', null);
INSERT INTO `post` VALUES ('285', '板块2标题85', '板块2内容85', '2020-08-06 10:53:19', '2', null);
INSERT INTO `post` VALUES ('286', '板块2标题86', '板块2内容86', '2020-08-06 10:53:19', '2', null);
INSERT INTO `post` VALUES ('287', '板块2标题87', '板块2内容87', '2020-08-06 10:53:19', '2', null);
INSERT INTO `post` VALUES ('288', '板块2标题88', '板块2内容88', '2020-08-06 10:53:19', '2', null);
INSERT INTO `post` VALUES ('289', '板块2标题89', '板块2内容89', '2020-08-06 10:53:19', '2', null);
INSERT INTO `post` VALUES ('290', '板块2标题90', '板块2内容90', '2020-08-06 10:53:19', '2', null);
INSERT INTO `post` VALUES ('291', '板块2标题91', '板块2内容91', '2020-08-06 10:53:19', '2', null);
INSERT INTO `post` VALUES ('292', '板块2标题92', '板块2内容92', '2020-08-06 10:53:19', '2', null);
INSERT INTO `post` VALUES ('293', '板块2标题93', '板块2内容93', '2020-08-06 10:53:19', '2', null);
INSERT INTO `post` VALUES ('294', '板块2标题94', '板块2内容94', '2020-08-06 10:53:19', '2', null);
INSERT INTO `post` VALUES ('295', '板块2标题95', '板块2内容95', '2020-08-06 10:53:19', '2', null);
INSERT INTO `post` VALUES ('296', '板块2标题96', '板块2内容96', '2020-08-06 10:53:19', '2', null);
INSERT INTO `post` VALUES ('297', '板块2标题97', '板块2内容97', '2020-08-06 10:53:19', '2', null);
INSERT INTO `post` VALUES ('298', '板块2标题98', '板块2内容98', '2020-08-06 10:53:19', '2', null);
INSERT INTO `post` VALUES ('299', '板块2标题99', '板块2内容99', '2020-08-06 10:53:19', '2', null);
INSERT INTO `post` VALUES ('300', '板块2标题100', '板块2内容100', '2020-08-06 10:53:19', '2', null);
INSERT INTO `post` VALUES ('301', '板块2标题101', '板块2内容101', '2020-08-06 10:53:19', '2', null);
INSERT INTO `post` VALUES ('302', '板块2标题102', '板块2内容102', '2020-08-06 10:53:19', '2', null);
INSERT INTO `post` VALUES ('303', '板块2标题103', '板块2内容103', '2020-08-06 10:53:19', '2', null);
INSERT INTO `post` VALUES ('304', '板块2标题104', '板块2内容104', '2020-08-06 10:53:19', '2', null);
INSERT INTO `post` VALUES ('305', '板块2标题105', '板块2内容105', '2020-08-06 10:53:19', '2', null);
INSERT INTO `post` VALUES ('306', '板块2标题106', '板块2内容106', '2020-08-06 10:53:19', '2', null);
INSERT INTO `post` VALUES ('307', '板块2标题107', '板块2内容107', '2020-08-06 10:53:19', '2', null);
INSERT INTO `post` VALUES ('308', '板块2标题108', '板块2内容108', '2020-08-06 10:53:19', '2', null);
INSERT INTO `post` VALUES ('309', '板块2标题109', '板块2内容109', '2020-08-06 10:53:19', '2', null);
INSERT INTO `post` VALUES ('310', '板块2标题110', '板块2内容110', '2020-08-06 10:53:19', '2', null);
INSERT INTO `post` VALUES ('311', '板块2标题111', '板块2内容111', '2020-08-06 10:53:19', '2', null);
INSERT INTO `post` VALUES ('312', '板块2标题112', '板块2内容112', '2020-08-06 10:53:19', '2', null);
INSERT INTO `post` VALUES ('313', '板块2标题113', '板块2内容113', '2020-08-06 10:53:19', '2', null);
INSERT INTO `post` VALUES ('314', '板块2标题114', '板块2内容114', '2020-08-06 10:53:19', '2', null);
INSERT INTO `post` VALUES ('315', '板块2标题115', '板块2内容115', '2020-08-06 10:53:19', '2', null);
INSERT INTO `post` VALUES ('316', '板块2标题116', '板块2内容116', '2020-08-06 10:53:19', '2', null);
INSERT INTO `post` VALUES ('317', '板块2标题117', '板块2内容117', '2020-08-06 10:53:19', '2', null);
INSERT INTO `post` VALUES ('318', '板块2标题118', '板块2内容118', '2020-08-06 10:53:19', '2', null);
INSERT INTO `post` VALUES ('319', '板块2标题119', '板块2内容119', '2020-08-06 10:53:19', '2', null);
INSERT INTO `post` VALUES ('320', '板块2标题120', '板块2内容120', '2020-08-06 10:53:19', '2', null);
INSERT INTO `post` VALUES ('321', '板块2标题121', '板块2内容121', '2020-08-06 10:53:19', '2', null);
INSERT INTO `post` VALUES ('322', '板块2标题122', '板块2内容122', '2020-08-06 10:53:19', '2', null);
INSERT INTO `post` VALUES ('323', '板块2标题123', '板块2内容123', '2020-08-06 10:53:19', '2', null);
INSERT INTO `post` VALUES ('324', '板块2标题124', '板块2内容124', '2020-08-06 10:53:19', '2', null);
INSERT INTO `post` VALUES ('325', '板块2标题125', '板块2内容125', '2020-08-06 10:53:19', '2', null);
INSERT INTO `post` VALUES ('326', '板块2标题126', '板块2内容126', '2020-08-06 10:53:19', '2', null);
INSERT INTO `post` VALUES ('327', '板块2标题127', '板块2内容127', '2020-08-06 10:53:19', '2', null);
INSERT INTO `post` VALUES ('328', '板块2标题128', '板块2内容128', '2020-08-06 10:53:19', '2', null);
INSERT INTO `post` VALUES ('329', '板块2标题129', '板块2内容129', '2020-08-06 10:53:19', '2', null);
INSERT INTO `post` VALUES ('330', '板块2标题130', '板块2内容130', '2020-08-06 10:53:19', '2', null);
INSERT INTO `post` VALUES ('331', '板块2标题131', '板块2内容131', '2020-08-06 10:53:19', '2', null);
INSERT INTO `post` VALUES ('332', '板块2标题132', '板块2内容132', '2020-08-06 10:53:19', '2', null);
INSERT INTO `post` VALUES ('333', '板块2标题133', '板块2内容133', '2020-08-06 10:53:19', '2', null);
INSERT INTO `post` VALUES ('334', '板块2标题134', '板块2内容134', '2020-08-06 10:53:19', '2', null);
INSERT INTO `post` VALUES ('335', '板块2标题135', '板块2内容135', '2020-08-06 10:53:19', '2', null);
INSERT INTO `post` VALUES ('336', '板块2标题136', '板块2内容136', '2020-08-06 10:53:19', '2', null);
INSERT INTO `post` VALUES ('337', '板块2标题137', '板块2内容137', '2020-08-06 10:53:19', '2', null);
INSERT INTO `post` VALUES ('338', '板块2标题138', '板块2内容138', '2020-08-06 10:53:19', '2', null);
INSERT INTO `post` VALUES ('339', '板块2标题139', '板块2内容139', '2020-08-06 10:53:19', '2', null);
INSERT INTO `post` VALUES ('340', '板块2标题140', '板块2内容140', '2020-08-06 10:53:19', '2', null);
INSERT INTO `post` VALUES ('341', '板块2标题141', '板块2内容141', '2020-08-06 10:53:19', '2', null);
INSERT INTO `post` VALUES ('342', '板块2标题142', '板块2内容142', '2020-08-06 10:53:19', '2', null);
INSERT INTO `post` VALUES ('343', '板块2标题143', '板块2内容143', '2020-08-06 10:53:19', '2', null);
INSERT INTO `post` VALUES ('344', '板块2标题144', '板块2内容144', '2020-08-06 10:53:19', '2', null);
INSERT INTO `post` VALUES ('345', '板块2标题145', '板块2内容145', '2020-08-06 10:53:19', '2', null);
INSERT INTO `post` VALUES ('346', '板块2标题146', '板块2内容146', '2020-08-06 10:53:19', '2', null);
INSERT INTO `post` VALUES ('347', '板块2标题147', '板块2内容147', '2020-08-06 10:53:19', '2', null);
INSERT INTO `post` VALUES ('348', '板块2标题148', '板块2内容148', '2020-08-06 10:53:19', '2', null);
INSERT INTO `post` VALUES ('349', '板块2标题149', '板块2内容149', '2020-08-06 10:53:19', '2', null);
INSERT INTO `post` VALUES ('350', '板块2标题150', '板块2内容150', '2020-08-06 10:53:19', '2', null);
INSERT INTO `post` VALUES ('351', '板块2标题151', '板块2内容151', '2020-08-06 10:53:19', '2', null);
INSERT INTO `post` VALUES ('352', '板块2标题152', '板块2内容152', '2020-08-06 10:53:19', '2', null);
INSERT INTO `post` VALUES ('353', '板块2标题153', '板块2内容153', '2020-08-06 10:53:19', '2', null);
INSERT INTO `post` VALUES ('354', '板块2标题154', '板块2内容154', '2020-08-06 10:53:19', '2', null);
INSERT INTO `post` VALUES ('355', '板块2标题155', '板块2内容155', '2020-08-06 10:53:19', '2', null);
INSERT INTO `post` VALUES ('356', '板块2标题156', '板块2内容156', '2020-08-06 10:53:19', '2', null);
INSERT INTO `post` VALUES ('357', '板块2标题157', '板块2内容157', '2020-08-06 10:53:19', '2', null);
INSERT INTO `post` VALUES ('358', '板块2标题158', '板块2内容158', '2020-08-06 10:53:19', '2', null);
INSERT INTO `post` VALUES ('359', '板块2标题159', '板块2内容159', '2020-08-06 10:53:19', '2', null);
INSERT INTO `post` VALUES ('360', '板块2标题160', '板块2内容160', '2020-08-06 10:53:19', '2', null);
INSERT INTO `post` VALUES ('361', '板块2标题161', '板块2内容161', '2020-08-06 10:53:19', '2', null);
INSERT INTO `post` VALUES ('362', '板块2标题162', '板块2内容162', '2020-08-06 10:53:19', '2', null);
INSERT INTO `post` VALUES ('363', '板块2标题163', '板块2内容163', '2020-08-06 10:53:19', '2', null);
INSERT INTO `post` VALUES ('364', '板块2标题164', '板块2内容164', '2020-08-06 10:53:19', '2', null);
INSERT INTO `post` VALUES ('365', '板块2标题165', '板块2内容165', '2020-08-06 10:53:19', '2', null);
INSERT INTO `post` VALUES ('366', '板块2标题166', '板块2内容166', '2020-08-06 10:53:19', '2', null);
INSERT INTO `post` VALUES ('367', '板块2标题167', '板块2内容167', '2020-08-06 10:53:19', '2', null);
INSERT INTO `post` VALUES ('368', '板块2标题168', '板块2内容168', '2020-08-06 10:53:19', '2', null);
INSERT INTO `post` VALUES ('369', '板块2标题169', '板块2内容169', '2020-08-06 10:53:19', '2', null);
INSERT INTO `post` VALUES ('370', '板块2标题170', '板块2内容170', '2020-08-06 10:53:19', '2', null);
INSERT INTO `post` VALUES ('371', '板块2标题171', '板块2内容171', '2020-08-06 10:53:19', '2', null);
INSERT INTO `post` VALUES ('372', '板块2标题172', '板块2内容172', '2020-08-06 10:53:19', '2', null);
INSERT INTO `post` VALUES ('373', '板块2标题173', '板块2内容173', '2020-08-06 10:53:19', '2', null);
INSERT INTO `post` VALUES ('374', '板块2标题174', '板块2内容174', '2020-08-06 10:53:19', '2', null);
INSERT INTO `post` VALUES ('375', '板块2标题175', '板块2内容175', '2020-08-06 10:53:19', '2', null);
INSERT INTO `post` VALUES ('376', '板块2标题176', '板块2内容176', '2020-08-06 10:53:19', '2', null);
INSERT INTO `post` VALUES ('377', '板块2标题177', '板块2内容177', '2020-08-06 10:53:19', '2', null);
INSERT INTO `post` VALUES ('378', '板块2标题178', '板块2内容178', '2020-08-06 10:53:19', '2', null);
INSERT INTO `post` VALUES ('379', '板块2标题179', '板块2内容179', '2020-08-06 10:53:19', '2', null);
INSERT INTO `post` VALUES ('380', '板块2标题180', '板块2内容180', '2020-08-06 10:53:19', '2', null);
INSERT INTO `post` VALUES ('381', '板块2标题181', '板块2内容181', '2020-08-06 10:53:19', '2', null);
INSERT INTO `post` VALUES ('382', '板块2标题182', '板块2内容182', '2020-08-06 10:53:19', '2', null);
INSERT INTO `post` VALUES ('383', '板块2标题183', '板块2内容183', '2020-08-06 10:53:19', '2', null);
INSERT INTO `post` VALUES ('384', '板块2标题184', '板块2内容184', '2020-08-06 10:53:20', '2', null);
INSERT INTO `post` VALUES ('385', '板块2标题185', '板块2内容185', '2020-08-06 10:53:20', '2', null);
INSERT INTO `post` VALUES ('386', '板块2标题186', '板块2内容186', '2020-08-06 10:53:20', '2', null);
INSERT INTO `post` VALUES ('387', '板块2标题187', '板块2内容187', '2020-08-06 10:53:20', '2', null);
INSERT INTO `post` VALUES ('388', '板块2标题188', '板块2内容188', '2020-08-06 10:53:20', '2', null);
INSERT INTO `post` VALUES ('389', '板块2标题189', '板块2内容189', '2020-08-06 10:53:20', '2', null);
INSERT INTO `post` VALUES ('390', '板块2标题190', '板块2内容190', '2020-08-06 10:53:20', '2', null);
INSERT INTO `post` VALUES ('391', '板块2标题191', '板块2内容191', '2020-08-06 10:53:20', '2', null);
INSERT INTO `post` VALUES ('392', '板块2标题192', '板块2内容192', '2020-08-06 10:53:20', '2', null);
INSERT INTO `post` VALUES ('393', '板块2标题193', '板块2内容193', '2020-08-06 10:53:20', '2', null);
INSERT INTO `post` VALUES ('394', '板块2标题194', '板块2内容194', '2020-08-06 10:53:20', '2', null);
INSERT INTO `post` VALUES ('395', '板块2标题195', '板块2内容195', '2020-08-06 10:53:20', '2', null);
INSERT INTO `post` VALUES ('396', '板块2标题196', '板块2内容196', '2020-08-06 10:53:20', '2', null);
INSERT INTO `post` VALUES ('397', '板块2标题197', '板块2内容197', '2020-08-06 10:53:20', '2', null);
INSERT INTO `post` VALUES ('398', '板块2标题198', '板块2内容198', '2020-08-06 10:53:20', '2', null);
INSERT INTO `post` VALUES ('399', '板块2标题199', '板块2内容199', '2020-08-06 10:53:20', '2', null);
INSERT INTO `post` VALUES ('400', '板块2标题200', '板块2内容200', '2020-08-06 10:53:20', '2', null);
INSERT INTO `post` VALUES ('401', '板块3标题1', '板块3内容1', '2020-08-06 10:59:16', '3', null);
INSERT INTO `post` VALUES ('402', '板块3标题2', '板块3内容2', '2020-08-06 10:59:16', '3', null);
INSERT INTO `post` VALUES ('403', '板块3标题3', '板块3内容3', '2020-08-06 10:59:16', '3', null);
INSERT INTO `post` VALUES ('404', '板块3标题4', '板块3内容4', '2020-08-06 10:59:16', '3', null);
INSERT INTO `post` VALUES ('405', '板块3标题5', '板块3内容5', '2020-08-06 10:59:16', '3', null);
INSERT INTO `post` VALUES ('406', '板块3标题6', '板块3内容6', '2020-08-06 10:59:16', '3', null);
INSERT INTO `post` VALUES ('407', '板块3标题7', '板块3内容7', '2020-08-06 10:59:16', '3', null);
INSERT INTO `post` VALUES ('408', '板块3标题8', '板块3内容8', '2020-08-06 10:59:16', '3', null);
INSERT INTO `post` VALUES ('409', '板块3标题9', '板块3内容9', '2020-08-06 10:59:16', '3', null);
INSERT INTO `post` VALUES ('410', '板块3标题10', '板块3内容10', '2020-08-06 10:59:16', '3', null);
INSERT INTO `post` VALUES ('411', '板块3标题11', '板块3内容11', '2020-08-06 10:59:16', '3', null);
INSERT INTO `post` VALUES ('412', '板块3标题12', '板块3内容12', '2020-08-06 10:59:16', '3', null);
INSERT INTO `post` VALUES ('413', '板块3标题13', '板块3内容13', '2020-08-06 10:59:16', '3', null);
INSERT INTO `post` VALUES ('414', '板块3标题14', '板块3内容14', '2020-08-06 10:59:16', '3', null);
INSERT INTO `post` VALUES ('415', '板块3标题15', '板块3内容15', '2020-08-06 10:59:16', '3', null);
INSERT INTO `post` VALUES ('416', '板块3标题16', '板块3内容16', '2020-08-06 10:59:16', '3', null);
INSERT INTO `post` VALUES ('417', '板块3标题17', '板块3内容17', '2020-08-06 10:59:16', '3', null);
INSERT INTO `post` VALUES ('418', '板块3标题18', '板块3内容18', '2020-08-06 10:59:16', '3', null);
INSERT INTO `post` VALUES ('419', '板块3标题19', '板块3内容19', '2020-08-06 10:59:16', '3', null);
INSERT INTO `post` VALUES ('420', '板块3标题20', '板块3内容20', '2020-08-06 10:59:16', '3', null);
INSERT INTO `post` VALUES ('421', '板块3标题21', '板块3内容21', '2020-08-06 10:59:16', '3', null);
INSERT INTO `post` VALUES ('422', '板块3标题22', '板块3内容22', '2020-08-06 10:59:16', '3', null);
INSERT INTO `post` VALUES ('423', '板块3标题23', '板块3内容23', '2020-08-06 10:59:17', '3', null);
INSERT INTO `post` VALUES ('424', '板块3标题24', '板块3内容24', '2020-08-06 10:59:17', '3', null);
INSERT INTO `post` VALUES ('425', '板块3标题25', '板块3内容25', '2020-08-06 10:59:17', '3', null);
INSERT INTO `post` VALUES ('426', '板块3标题26', '板块3内容26', '2020-08-06 10:59:17', '3', null);
INSERT INTO `post` VALUES ('427', '板块3标题27', '板块3内容27', '2020-08-06 10:59:17', '3', null);
INSERT INTO `post` VALUES ('428', '板块3标题28', '板块3内容28', '2020-08-06 10:59:17', '3', null);
INSERT INTO `post` VALUES ('429', '板块3标题29', '板块3内容29', '2020-08-06 10:59:17', '3', null);
INSERT INTO `post` VALUES ('430', '板块3标题30', '板块3内容30', '2020-08-06 10:59:17', '3', null);
INSERT INTO `post` VALUES ('431', '板块3标题31', '板块3内容31', '2020-08-06 10:59:17', '3', null);
INSERT INTO `post` VALUES ('432', '板块3标题32', '板块3内容32', '2020-08-06 10:59:17', '3', null);
INSERT INTO `post` VALUES ('433', '板块3标题33', '板块3内容33', '2020-08-06 10:59:17', '3', null);
INSERT INTO `post` VALUES ('434', '板块3标题34', '板块3内容34', '2020-08-06 10:59:17', '3', null);
INSERT INTO `post` VALUES ('435', '板块3标题35', '板块3内容35', '2020-08-06 10:59:17', '3', null);
INSERT INTO `post` VALUES ('436', '板块3标题36', '板块3内容36', '2020-08-06 10:59:17', '3', null);
INSERT INTO `post` VALUES ('437', '板块3标题37', '板块3内容37', '2020-08-06 10:59:17', '3', null);
INSERT INTO `post` VALUES ('438', '板块3标题38', '板块3内容38', '2020-08-06 10:59:17', '3', null);
INSERT INTO `post` VALUES ('439', '板块3标题39', '板块3内容39', '2020-08-06 10:59:17', '3', null);
INSERT INTO `post` VALUES ('440', '板块3标题40', '板块3内容40', '2020-08-06 10:59:17', '3', null);
INSERT INTO `post` VALUES ('441', '板块3标题41', '板块3内容41', '2020-08-06 10:59:17', '3', null);
INSERT INTO `post` VALUES ('442', '板块3标题42', '板块3内容42', '2020-08-06 10:59:17', '3', null);
INSERT INTO `post` VALUES ('443', '板块3标题43', '板块3内容43', '2020-08-06 10:59:17', '3', null);
INSERT INTO `post` VALUES ('444', '板块3标题44', '板块3内容44', '2020-08-06 10:59:17', '3', null);
INSERT INTO `post` VALUES ('445', '板块3标题45', '板块3内容45', '2020-08-06 10:59:17', '3', null);
INSERT INTO `post` VALUES ('446', '板块3标题46', '板块3内容46', '2020-08-06 10:59:17', '3', null);
INSERT INTO `post` VALUES ('447', '板块3标题47', '板块3内容47', '2020-08-06 10:59:17', '3', null);
INSERT INTO `post` VALUES ('448', '板块3标题48', '板块3内容48', '2020-08-06 10:59:17', '3', null);
INSERT INTO `post` VALUES ('449', '板块3标题49', '板块3内容49', '2020-08-06 10:59:17', '3', null);
INSERT INTO `post` VALUES ('450', '板块3标题50', '板块3内容50', '2020-08-06 10:59:17', '3', null);
INSERT INTO `post` VALUES ('451', '板块3标题51', '板块3内容51', '2020-08-06 10:59:17', '3', null);
INSERT INTO `post` VALUES ('452', '板块3标题52', '板块3内容52', '2020-08-06 10:59:17', '3', null);
INSERT INTO `post` VALUES ('453', '板块3标题53', '板块3内容53', '2020-08-06 10:59:17', '3', null);
INSERT INTO `post` VALUES ('454', '板块3标题54', '板块3内容54', '2020-08-06 10:59:17', '3', null);
INSERT INTO `post` VALUES ('455', '板块3标题55', '板块3内容55', '2020-08-06 10:59:17', '3', null);
INSERT INTO `post` VALUES ('456', '板块3标题56', '板块3内容56', '2020-08-06 10:59:17', '3', null);
INSERT INTO `post` VALUES ('457', '板块3标题57', '板块3内容57', '2020-08-06 10:59:17', '3', null);
INSERT INTO `post` VALUES ('458', '板块3标题58', '板块3内容58', '2020-08-06 10:59:17', '3', null);
INSERT INTO `post` VALUES ('459', '板块3标题59', '板块3内容59', '2020-08-06 10:59:17', '3', null);
INSERT INTO `post` VALUES ('460', '板块3标题60', '板块3内容60', '2020-08-06 10:59:17', '3', null);
INSERT INTO `post` VALUES ('461', '板块3标题61', '板块3内容61', '2020-08-06 10:59:17', '3', null);
INSERT INTO `post` VALUES ('462', '板块3标题62', '板块3内容62', '2020-08-06 10:59:17', '3', null);
INSERT INTO `post` VALUES ('463', '板块3标题63', '板块3内容63', '2020-08-06 10:59:17', '3', null);
INSERT INTO `post` VALUES ('464', '板块3标题64', '板块3内容64', '2020-08-06 10:59:17', '3', null);
INSERT INTO `post` VALUES ('465', '板块3标题65', '板块3内容65', '2020-08-06 10:59:17', '3', null);
INSERT INTO `post` VALUES ('466', '板块3标题66', '板块3内容66', '2020-08-06 10:59:17', '3', null);
INSERT INTO `post` VALUES ('467', '板块3标题67', '板块3内容67', '2020-08-06 10:59:17', '3', null);
INSERT INTO `post` VALUES ('468', '板块3标题68', '板块3内容68', '2020-08-06 10:59:17', '3', null);
INSERT INTO `post` VALUES ('469', '板块3标题69', '板块3内容69', '2020-08-06 10:59:17', '3', null);
INSERT INTO `post` VALUES ('470', '板块3标题70', '板块3内容70', '2020-08-06 10:59:17', '3', null);
INSERT INTO `post` VALUES ('471', '板块3标题71', '板块3内容71', '2020-08-06 10:59:17', '3', null);
INSERT INTO `post` VALUES ('472', '板块3标题72', '板块3内容72', '2020-08-06 10:59:17', '3', null);
INSERT INTO `post` VALUES ('473', '板块3标题73', '板块3内容73', '2020-08-06 10:59:17', '3', null);
INSERT INTO `post` VALUES ('474', '板块3标题74', '板块3内容74', '2020-08-06 10:59:17', '3', null);
INSERT INTO `post` VALUES ('475', '板块3标题75', '板块3内容75', '2020-08-06 10:59:17', '3', null);
INSERT INTO `post` VALUES ('476', '板块3标题76', '板块3内容76', '2020-08-06 10:59:17', '3', null);
INSERT INTO `post` VALUES ('477', '板块3标题77', '板块3内容77', '2020-08-06 10:59:17', '3', null);
INSERT INTO `post` VALUES ('478', '板块3标题78', '板块3内容78', '2020-08-06 10:59:17', '3', null);
INSERT INTO `post` VALUES ('479', '板块3标题79', '板块3内容79', '2020-08-06 10:59:17', '3', null);
INSERT INTO `post` VALUES ('480', '板块3标题80', '板块3内容80', '2020-08-06 10:59:17', '3', null);
INSERT INTO `post` VALUES ('481', '板块3标题81', '板块3内容81', '2020-08-06 10:59:17', '3', null);
INSERT INTO `post` VALUES ('482', '板块3标题82', '板块3内容82', '2020-08-06 10:59:17', '3', null);
INSERT INTO `post` VALUES ('483', '板块3标题83', '板块3内容83', '2020-08-06 10:59:17', '3', null);
INSERT INTO `post` VALUES ('484', '板块3标题84', '板块3内容84', '2020-08-06 10:59:17', '3', null);
INSERT INTO `post` VALUES ('485', '板块3标题85', '板块3内容85', '2020-08-06 10:59:17', '3', null);
INSERT INTO `post` VALUES ('486', '板块3标题86', '板块3内容86', '2020-08-06 10:59:17', '3', null);
INSERT INTO `post` VALUES ('487', '板块3标题87', '板块3内容87', '2020-08-06 10:59:17', '3', null);
INSERT INTO `post` VALUES ('488', '板块3标题88', '板块3内容88', '2020-08-06 10:59:17', '3', null);
INSERT INTO `post` VALUES ('489', '板块3标题89', '板块3内容89', '2020-08-06 10:59:17', '3', null);
INSERT INTO `post` VALUES ('490', '板块3标题90', '板块3内容90', '2020-08-06 10:59:17', '3', null);
INSERT INTO `post` VALUES ('491', '板块3标题91', '板块3内容91', '2020-08-06 10:59:17', '3', null);
INSERT INTO `post` VALUES ('492', '板块3标题92', '板块3内容92', '2020-08-06 10:59:17', '3', null);
INSERT INTO `post` VALUES ('493', '板块3标题93', '板块3内容93', '2020-08-06 10:59:17', '3', null);
INSERT INTO `post` VALUES ('494', '板块3标题94', '板块3内容94', '2020-08-06 10:59:17', '3', null);
INSERT INTO `post` VALUES ('495', '板块3标题95', '板块3内容95', '2020-08-06 10:59:17', '3', null);
INSERT INTO `post` VALUES ('496', '板块3标题96', '板块3内容96', '2020-08-06 10:59:17', '3', null);
INSERT INTO `post` VALUES ('497', '板块3标题97', '板块3内容97', '2020-08-06 10:59:17', '3', null);
INSERT INTO `post` VALUES ('498', '板块3标题98', '板块3内容98', '2020-08-06 10:59:17', '3', null);
INSERT INTO `post` VALUES ('499', '板块3标题99', '板块3内容99', '2020-08-06 10:59:17', '3', null);
INSERT INTO `post` VALUES ('500', '板块3标题100', '板块3内容100', '2020-08-06 10:59:17', '3', null);
INSERT INTO `post` VALUES ('501', '板块3标题101', '板块3内容101', '2020-08-06 10:59:17', '3', null);
INSERT INTO `post` VALUES ('502', '板块3标题102', '板块3内容102', '2020-08-06 10:59:17', '3', null);
INSERT INTO `post` VALUES ('503', '板块3标题103', '板块3内容103', '2020-08-06 10:59:17', '3', null);
INSERT INTO `post` VALUES ('504', '板块3标题104', '板块3内容104', '2020-08-06 10:59:17', '3', null);
INSERT INTO `post` VALUES ('505', '板块3标题105', '板块3内容105', '2020-08-06 10:59:17', '3', null);
INSERT INTO `post` VALUES ('506', '板块3标题106', '板块3内容106', '2020-08-06 10:59:17', '3', null);
INSERT INTO `post` VALUES ('507', '板块3标题107', '板块3内容107', '2020-08-06 10:59:17', '3', null);
INSERT INTO `post` VALUES ('508', '板块3标题108', '板块3内容108', '2020-08-06 10:59:17', '3', null);
INSERT INTO `post` VALUES ('509', '板块3标题109', '板块3内容109', '2020-08-06 10:59:17', '3', null);
INSERT INTO `post` VALUES ('510', '板块3标题110', '板块3内容110', '2020-08-06 10:59:17', '3', null);
INSERT INTO `post` VALUES ('511', '板块3标题111', '板块3内容111', '2020-08-06 10:59:17', '3', null);
INSERT INTO `post` VALUES ('512', '板块3标题112', '板块3内容112', '2020-08-06 10:59:17', '3', null);
INSERT INTO `post` VALUES ('513', '板块3标题113', '板块3内容113', '2020-08-06 10:59:17', '3', null);
INSERT INTO `post` VALUES ('514', '板块3标题114', '板块3内容114', '2020-08-06 10:59:17', '3', null);
INSERT INTO `post` VALUES ('515', '板块3标题115', '板块3内容115', '2020-08-06 10:59:17', '3', null);
INSERT INTO `post` VALUES ('516', '板块3标题116', '板块3内容116', '2020-08-06 10:59:17', '3', null);
INSERT INTO `post` VALUES ('517', '板块3标题117', '板块3内容117', '2020-08-06 10:59:17', '3', null);
INSERT INTO `post` VALUES ('518', '板块3标题118', '板块3内容118', '2020-08-06 10:59:17', '3', null);
INSERT INTO `post` VALUES ('519', '板块3标题119', '板块3内容119', '2020-08-06 10:59:17', '3', null);
INSERT INTO `post` VALUES ('520', '板块3标题120', '板块3内容120', '2020-08-06 10:59:17', '3', null);
INSERT INTO `post` VALUES ('521', '板块3标题121', '板块3内容121', '2020-08-06 10:59:17', '3', null);
INSERT INTO `post` VALUES ('522', '板块3标题122', '板块3内容122', '2020-08-06 10:59:17', '3', null);
INSERT INTO `post` VALUES ('523', '板块3标题123', '板块3内容123', '2020-08-06 10:59:17', '3', null);
INSERT INTO `post` VALUES ('524', '板块3标题124', '板块3内容124', '2020-08-06 10:59:17', '3', null);
INSERT INTO `post` VALUES ('525', '板块3标题125', '板块3内容125', '2020-08-06 10:59:17', '3', null);
INSERT INTO `post` VALUES ('526', '板块3标题126', '板块3内容126', '2020-08-06 10:59:17', '3', null);
INSERT INTO `post` VALUES ('527', '板块3标题127', '板块3内容127', '2020-08-06 10:59:17', '3', null);
INSERT INTO `post` VALUES ('528', '板块3标题128', '板块3内容128', '2020-08-06 10:59:17', '3', null);
INSERT INTO `post` VALUES ('529', '板块3标题129', '板块3内容129', '2020-08-06 10:59:17', '3', null);
INSERT INTO `post` VALUES ('530', '板块3标题130', '板块3内容130', '2020-08-06 10:59:17', '3', null);
INSERT INTO `post` VALUES ('531', '板块3标题131', '板块3内容131', '2020-08-06 10:59:17', '3', null);
INSERT INTO `post` VALUES ('532', '板块3标题132', '板块3内容132', '2020-08-06 10:59:17', '3', null);
INSERT INTO `post` VALUES ('533', '板块3标题133', '板块3内容133', '2020-08-06 10:59:17', '3', null);
INSERT INTO `post` VALUES ('534', '板块3标题134', '板块3内容134', '2020-08-06 10:59:17', '3', null);
INSERT INTO `post` VALUES ('535', '板块3标题135', '板块3内容135', '2020-08-06 10:59:17', '3', null);
INSERT INTO `post` VALUES ('536', '板块3标题136', '板块3内容136', '2020-08-06 10:59:17', '3', null);
INSERT INTO `post` VALUES ('537', '板块3标题137', '板块3内容137', '2020-08-06 10:59:17', '3', null);
INSERT INTO `post` VALUES ('538', '板块3标题138', '板块3内容138', '2020-08-06 10:59:17', '3', null);
INSERT INTO `post` VALUES ('539', '板块3标题139', '板块3内容139', '2020-08-06 10:59:17', '3', null);
INSERT INTO `post` VALUES ('540', '板块3标题140', '板块3内容140', '2020-08-06 10:59:17', '3', null);
INSERT INTO `post` VALUES ('541', '板块3标题141', '板块3内容141', '2020-08-06 10:59:17', '3', null);
INSERT INTO `post` VALUES ('542', '板块3标题142', '板块3内容142', '2020-08-06 10:59:17', '3', null);
INSERT INTO `post` VALUES ('543', '板块3标题143', '板块3内容143', '2020-08-06 10:59:17', '3', null);
INSERT INTO `post` VALUES ('544', '板块3标题144', '板块3内容144', '2020-08-06 10:59:17', '3', null);
INSERT INTO `post` VALUES ('545', '板块3标题145', '板块3内容145', '2020-08-06 10:59:17', '3', null);
INSERT INTO `post` VALUES ('546', '板块3标题146', '板块3内容146', '2020-08-06 10:59:17', '3', null);
INSERT INTO `post` VALUES ('547', '板块3标题147', '板块3内容147', '2020-08-06 10:59:17', '3', null);
INSERT INTO `post` VALUES ('548', '板块3标题148', '板块3内容148', '2020-08-06 10:59:17', '3', null);
INSERT INTO `post` VALUES ('549', '板块3标题149', '板块3内容149', '2020-08-06 10:59:17', '3', null);
INSERT INTO `post` VALUES ('550', '板块3标题150', '板块3内容150', '2020-08-06 10:59:17', '3', null);
INSERT INTO `post` VALUES ('551', '板块3标题151', '板块3内容151', '2020-08-06 10:59:17', '3', null);
INSERT INTO `post` VALUES ('552', '板块3标题152', '板块3内容152', '2020-08-06 10:59:17', '3', null);
INSERT INTO `post` VALUES ('553', '板块3标题153', '板块3内容153', '2020-08-06 10:59:17', '3', null);
INSERT INTO `post` VALUES ('554', '板块3标题154', '板块3内容154', '2020-08-06 10:59:17', '3', null);
INSERT INTO `post` VALUES ('555', '板块3标题155', '板块3内容155', '2020-08-06 10:59:17', '3', null);
INSERT INTO `post` VALUES ('556', '板块3标题156', '板块3内容156', '2020-08-06 10:59:17', '3', null);
INSERT INTO `post` VALUES ('557', '板块3标题157', '板块3内容157', '2020-08-06 10:59:17', '3', null);
INSERT INTO `post` VALUES ('558', '板块3标题158', '板块3内容158', '2020-08-06 10:59:17', '3', null);
INSERT INTO `post` VALUES ('559', '板块3标题159', '板块3内容159', '2020-08-06 10:59:17', '3', null);
INSERT INTO `post` VALUES ('560', '板块3标题160', '板块3内容160', '2020-08-06 10:59:17', '3', null);
INSERT INTO `post` VALUES ('561', '板块3标题161', '板块3内容161', '2020-08-06 10:59:17', '3', null);
INSERT INTO `post` VALUES ('562', '板块3标题162', '板块3内容162', '2020-08-06 10:59:17', '3', null);
INSERT INTO `post` VALUES ('563', '板块3标题163', '板块3内容163', '2020-08-06 10:59:17', '3', null);
INSERT INTO `post` VALUES ('564', '板块3标题164', '板块3内容164', '2020-08-06 10:59:17', '3', null);
INSERT INTO `post` VALUES ('565', '板块3标题165', '板块3内容165', '2020-08-06 10:59:17', '3', null);
INSERT INTO `post` VALUES ('566', '板块3标题166', '板块3内容166', '2020-08-06 10:59:17', '3', null);
INSERT INTO `post` VALUES ('567', '板块3标题167', '板块3内容167', '2020-08-06 10:59:17', '3', null);
INSERT INTO `post` VALUES ('568', '板块3标题168', '板块3内容168', '2020-08-06 10:59:17', '3', null);
INSERT INTO `post` VALUES ('569', '板块3标题169', '板块3内容169', '2020-08-06 10:59:17', '3', null);
INSERT INTO `post` VALUES ('570', '板块3标题170', '板块3内容170', '2020-08-06 10:59:17', '3', null);
INSERT INTO `post` VALUES ('571', '板块3标题171', '板块3内容171', '2020-08-06 10:59:17', '3', null);
INSERT INTO `post` VALUES ('572', '板块3标题172', '板块3内容172', '2020-08-06 10:59:17', '3', null);
INSERT INTO `post` VALUES ('573', '板块3标题173', '板块3内容173', '2020-08-06 10:59:17', '3', null);
INSERT INTO `post` VALUES ('574', '板块3标题174', '板块3内容174', '2020-08-06 10:59:17', '3', null);
INSERT INTO `post` VALUES ('575', '板块3标题175', '板块3内容175', '2020-08-06 10:59:17', '3', null);
INSERT INTO `post` VALUES ('576', '板块3标题176', '板块3内容176', '2020-08-06 10:59:17', '3', null);
INSERT INTO `post` VALUES ('577', '板块3标题177', '板块3内容177', '2020-08-06 10:59:17', '3', null);
INSERT INTO `post` VALUES ('578', '板块3标题178', '板块3内容178', '2020-08-06 10:59:17', '3', null);
INSERT INTO `post` VALUES ('579', '板块3标题179', '板块3内容179', '2020-08-06 10:59:17', '3', null);
INSERT INTO `post` VALUES ('580', '板块3标题180', '板块3内容180', '2020-08-06 10:59:17', '3', null);
INSERT INTO `post` VALUES ('581', '板块3标题181', '板块3内容181', '2020-08-06 10:59:17', '3', null);
INSERT INTO `post` VALUES ('582', '板块3标题182', '板块3内容182', '2020-08-06 10:59:17', '3', null);
INSERT INTO `post` VALUES ('583', '板块3标题183', '板块3内容183', '2020-08-06 10:59:17', '3', null);
INSERT INTO `post` VALUES ('584', '板块3标题184', '板块3内容184', '2020-08-06 10:59:17', '3', null);
INSERT INTO `post` VALUES ('585', '板块3标题185', '板块3内容185', '2020-08-06 10:59:17', '3', null);
INSERT INTO `post` VALUES ('586', '板块3标题186', '板块3内容186', '2020-08-06 10:59:17', '3', null);
INSERT INTO `post` VALUES ('587', '板块3标题187', '板块3内容187', '2020-08-06 10:59:17', '3', null);
INSERT INTO `post` VALUES ('588', '板块3标题188', '板块3内容188', '2020-08-06 10:59:17', '3', null);
INSERT INTO `post` VALUES ('589', '板块3标题189', '板块3内容189', '2020-08-06 10:59:17', '3', null);
INSERT INTO `post` VALUES ('590', '板块3标题190', '板块3内容190', '2020-08-06 10:59:17', '3', null);
INSERT INTO `post` VALUES ('591', '板块3标题191', '板块3内容191', '2020-08-06 10:59:17', '3', null);
INSERT INTO `post` VALUES ('592', '板块3标题192', '板块3内容192', '2020-08-06 10:59:17', '3', null);
INSERT INTO `post` VALUES ('593', '板块3标题193', '板块3内容193', '2020-08-06 10:59:17', '3', null);
INSERT INTO `post` VALUES ('594', '板块3标题194', '板块3内容194', '2020-08-06 10:59:17', '3', null);
INSERT INTO `post` VALUES ('595', '板块3标题195', '板块3内容195', '2020-08-06 10:59:17', '3', null);
INSERT INTO `post` VALUES ('596', '板块3标题196', '板块3内容196', '2020-08-06 10:59:17', '3', null);
INSERT INTO `post` VALUES ('597', '板块3标题197', '板块3内容197', '2020-08-06 10:59:17', '3', null);
INSERT INTO `post` VALUES ('598', '板块3标题198', '板块3内容198', '2020-08-06 10:59:17', '3', null);
INSERT INTO `post` VALUES ('599', '板块3标题199', '板块3内容199', '2020-08-06 10:59:17', '3', null);
INSERT INTO `post` VALUES ('600', '板块3标题200', '板块3内容200', '2020-08-06 10:59:17', '3', null);
